Mes-Año,Nivel general precios
ene-17,1.6
Feb-17,2.1
Mar-17,2.4
abr-17,2.7
May-17,1.4
Jun-17,1.2
Jul-17,1.7
ago-17,1.4
Sep-17,1.9
Oct-17,1.5
Nov-17,1.4
dic-17,3.1
ene-18,1.8
Feb-18,2.4
Mar-18,2.3
abr-18,2.7
May-18,2.1
Jun-18,3.7
Jul-18,3.1
ago-18,3.9
Sep-18,6.5
Oct-18,5.4
Nov-18,3.2
dic-18,2.6
ene-19,2.9
Feb-19,3.8
Mar-19,4.7
abr-19,3.4
May-19,3.1
Jun-19,2.7
Jul-19,2.2
ago-19,4
Sep-19,5.9
Oct-19,3.3
Nov-19,4.3
dic-19,3.7
ene-20,2.3
Feb-20,2
Mar-20,3.3
abr-20,1.5
May-20,1.5
Jun-20,2.2
Jul-20,1.9
ago-20,2.7
Sep-20,2.8
Oct-20,3.8
Nov-20,3.2
dic-20,4
ene-21,4
Feb-21,3.6
Mar-21,4.8
abr-21,4.1
May-21,3.3
Jun-21,3.2
Jul-21,3
ago-21,2.5
Sep-21,3.5
Oct-21,3.5
Nov-21,2.5
dic-21,3.8
ene-22,3.9
Feb-22,4.7
Mar-22,6.7
abr-22,6
May-22,5.1
Jun-22,5.3
Jul-22,7.4
ago-22,7
Sep-22,6.2
Oct-22,6.3
Nov-22,4.9
dic-22,5.1
ene-23,6
Feb-23,6.6
Mar-23,7.7
abr-23,8.4
May-23,7.8
Jun-23,6
Jul-23,6.3
ago-23,12.4
Sep-23,12.7
Oct-23,8.3
Nov-23,12.8
dic-23,25.5
ene-24,20.6
Feb-24,13.2
Mar-24,11
abr-24,8.8
May-24,4.2
Jun-24,4.6
Jul-24,4
ago-24,4.2
Sep-24,3.5
Oct-24,2.7
Nov-24,2.4
dic-24,2.7
ene-25,2.2
Feb-25,2.4
Mar-25,3.7
abr-25,2.8
May-25,1.5
Jun-25,2
Jul-25,1.9
ago-25,1.9
sept-25,2.1
oct-25,2.4
nov-25,2.5
dic-25,2.8
ene-26,2.8
feb-26,2.6
mar-26,3.4
abr-26,2.8
